Marker,Relevance_Score
FCGBP_prot,10.469862937927246
BLM_rna,9.983783721923828
BEGAIN_prot,4.995260715484619
